Workbook

Sheet BBPTACShadowWks0001
A3: =Sheet1!A3 -> 0 | B3: =Sheet1!B3 -> 42114 | C3: =Sheet1!C3 -> 101.1654 | D3: =Sheet1!D3 -> 42114 | E3: =Sheet1!E3 -> 1193.5 | F3: =Sheet1!$F$3 -> 0
C4: =Sheet1!C4 -> 100.7391 | E4: =Sheet1!E4 -> 1202.9
C5: =Sheet1!C5 -> 100.6419 | E5: =Sheet1!E5 -> 1186.9
C6: =Sheet1!C6 -> 101.6138 | E6: =Sheet1!E6 -> 1194.4
C7: =Sheet1!C7 -> 101.5906 | E7: =Sheet1!E7 -> 1175.2
C8: =Sheet1!C8 -> 101.765 | E8: =Sheet1!E8 -> 1203.3
C9: =Sheet1!C9 -> 102.061 | E9: =Sheet1!E9 -> 1214
C10: =Sheet1!C10 -> 103.0634 | E10: =Sheet1!E10 -> 1210
C11: =Sheet1!C11 -> 103.7471 | E11: =Sheet1!E11 -> 1182.4
C12: =Sheet1!C12 -> 103.3993 | E12: =Sheet1!E12 -> 1174.5
C13: =Sheet1!C13 -> 103.6961 | E13: =Sheet1!E13 -> 1186.8
C14: =Sheet1!C14 -> 104.7285 | E14: =Sheet1!E14 -> 1193.2
C15: =Sheet1!C15 -> 104.562 | E15: =Sheet1!E15 -> 1190.3
... C55: =Sheet1!C55 -> 101.8648 | E55: =Sheet1!E55 -> 1163.5

Sheet Sheet1
C1: Commodity Index | E1: Gold Futures
C2: BCOM Index | E2: GC1 COMB Comdty
B3: =_xll.BDH("BCOM Index","PX_LAST","20-4-2015","20-4-2025","cols=2;rows=2518") -> 42114 | C3: 101.1654 | D3: =_xll.BDH(E2,"PX_LAST","20-4-2015","20-4-2025","cols=2;rows=2520") -> 42114 | E3: 1193.5
B4: 42115 | C4: 100.7391 | D4: 42115 | E4: 1202.9
B5: 42116 | C5: 100.6419 | D5: 42116 | E5: 1186.9
B6: 42117 | C6: 101.6138 | D6: 42117 | E6: 1194.4
B7: 42118 | C7: 101.5906 | D7: 42118 | E7: 1175.2
B8: 42121 | C8: 101.765 | D8: 42121 | E8: 1203.3
B9: 42122 | C9: 102.061 | D9: 42122 | E9: 1214
B10: 42123 | C10: 103.0634 | D10: 42123 | E10: 1210
B11: 42124 | C11: 103.7471 | D11: 42124 | E11: 1182.4
B12: 42125 | C12: 103.3993 | D12: 42125 | E12: 1174.5
B13: 42128 | C13: 103.6961 | D13: 42128 | E13: 1186.8
B14: 42129 | C14: 104.7285 | D14: 42129 | E14: 1193.2
B15: 42130 | C15: 104.562 | D15: 42130 | E15: 1190.3
... B2520: 45764 | C2520: 102.9124 | D2520: 45762 | E2520: 3218.7
D2521: 45763 | E2521: 3326.6
D2522: 45764 | E2522: 3308.7

Sheet Sheet3
B1: Commodity Index | D1: Gold Futures
B2: BCOM Index | D2: GC1 COMB Comdty
A3: 42114 | B3: 101.1654 | C3: 42114 | D3: 1193.5
A4: 42115 | B4: 100.7391 | C4: 42115 | D4: 1202.9
A5: 42116 | B5: 100.6419 | C5: 42116 | D5: 1186.9
A6: 42117 | B6: 101.6138 | C6: 42117 | D6: 1194.4
A7: 42118 | B7: 101.5906 | C7: 42118 | D7: 1175.2
A8: 42121 | B8: 101.765 | C8: 42121 | D8: 1203.3
A9: 42122 | B9: 102.061 | C9: 42122 | D9: 1214
A10: 42123 | B10: 103.0634 | C10: 42123 | D10: 1210
A11: 42124 | B11: 103.7471 | C11: 42124 | D11: 1182.4
A12: 42125 | B12: 103.3993 | C12: 42125 | D12: 1174.5
A13: 42128 | B13: 103.6961 | C13: 42128 | D13: 1186.8
A14: 42129 | B14: 104.7285 | C14: 42129 | D14: 1193.2
... A2520: 45764 | B2520: 102.9124 | C2520: 45762 | D2520: 3218.7
C2521: 45763 | D2521: 3326.6
C2522: 45764 | D2522: 3308.7
